"Name","Platform","Compiles","CompilesDouble","Uses","UsesDouble","PermutationString"
"/Engine/EngineMaterials/Widget3DPassThrough.Widget3DPassThrough","0","15","0","15","0","Compiling Widget3DPassThrough: Platform=PCD3D_SM5, Usage=LightingModel=MSM_Unlit, BlendMode=BLEND_Translucent, SpecialEngine=0, TwoSided=1, TSNormal=1, Masked=0, Distorted=0, WritesEveryPixel=1, ModifiesMeshPosition=0, Usage={}"
"/Engine/EngineMaterials/Widget3DPassThrough.Widget3DPassThrough","0","13","0","13","0","Compiling Widget3DPassThrough: Platform=PCD3D_SM5, Usage=LightingModel=MSM_Unlit, BlendMode=BLEND_Translucent, SpecialEngine=0, TwoSided=0, TSNormal=1, Masked=0, Distorted=0, WritesEveryPixel=1, ModifiesMeshPosition=0, Usage={}"
"/Engine/EngineMaterials/Widget3DPassThrough.Widget3DPassThrough","0","12","0","13","0","Compiling Widget3DPassThrough: Platform=PCD3D_SM5, Usage=LightingModel=MSM_Unlit, BlendMode=BLEND_Opaque, SpecialEngine=0, TwoSided=1, TSNormal=1, Masked=0, Distorted=0, WritesEveryPixel=1, ModifiesMeshPosition=0, Usage={}"
"/Engine/EngineMaterials/Widget3DPassThrough.Widget3DPassThrough","0","7","0","7","0","Compiling Widget3DPassThrough: Platform=PCD3D_SM5, Usage=LightingModel=MSM_Unlit, BlendMode=BLEND_Opaque, SpecialEngine=0, TwoSided=0, TSNormal=1, Masked=0, Distorted=0, WritesEveryPixel=1, ModifiesMeshPosition=0, Usage={}"
"/Engine/EngineMaterials/Widget3DPassThrough.Widget3DPassThrough","0","26","0","28","0","Compiling Widget3DPassThrough: Platform=PCD3D_SM5, Usage=LightingModel=MSM_Unlit, BlendMode=BLEND_Masked, SpecialEngine=0, TwoSided=1, TSNormal=1, Masked=1, Distorted=0, WritesEveryPixel=0, ModifiesMeshPosition=0, Usage={}"
"/Engine/EngineMaterials/Widget3DPassThrough.Widget3DPassThrough","0","26","0","28","0","Compiling Widget3DPassThrough: Platform=PCD3D_SM5, Usage=LightingModel=MSM_Unlit, BlendMode=BLEND_Masked, SpecialEngine=0, TwoSided=0, TSNormal=1, Masked=1, Distorted=0, WritesEveryPixel=0, ModifiesMeshPosition=0, Usage={}"
"/Paper2D/DefaultSpriteMaterial.DefaultSpriteMaterial","0","19","0","21","0","Compiling DefaultSpriteMaterial: Platform=PCD3D_SM5, Usage=LightingModel=MSM_Unlit, BlendMode=BLEND_Opaque, SpecialEngine=0, TwoSided=1, TSNormal=1, Masked=0, Distorted=0, WritesEveryPixel=1, ModifiesMeshPosition=0, Usage={bUsedWithNiagaraSprites}"
"/Paper2D/DefaultSpriteMaterial.DefaultSpriteMaterial","0","47","0","51","0","Compiling DefaultSpriteMaterial: Platform=PCD3D_SM5, Usage=LightingModel=MSM_Unlit, BlendMode=BLEND_Masked, SpecialEngine=0, TwoSided=1, TSNormal=1, Masked=1, Distorted=0, WritesEveryPixel=0, ModifiesMeshPosition=0, Usage={bUsedWithNiagaraSprites}"
"Globals","0","2876","0","0","0",""
"/Engine/EngineMaterials/PhAT_JointLimitMaterial.PhAT_JointLimitMaterial","0","20","0","21","0","Compiling PhAT_JointLimitMaterial: Platform=PCD3D_SM5, Usage=LightingModel=MSM_Unlit, BlendMode=BLEND_Translucent, SpecialEngine=0, TwoSided=1, TSNormal=1, Masked=0, Distorted=0, WritesEveryPixel=1, ModifiesMeshPosition=1, Usage={}"
"/Engine/EngineMaterials/GizmoMaterial.GizmoMaterial","0","12","0","13","0","Compiling GizmoMaterial: Platform=PCD3D_SM5, Usage=LightingModel=MSM_Unlit, BlendMode=BLEND_Opaque, SpecialEngine=0, TwoSided=1, TSNormal=1, Masked=0, Distorted=0, WritesEveryPixel=1, ModifiesMeshPosition=0, Usage={}"
"/Engine/EngineMaterials/M_InvalidLightmapSettings.M_InvalidLightmapSettings","0","34","0","34","0","Compiling M_InvalidLightmapSettings: Platform=PCD3D_SM5, Usage=LightingModel=MSM_DefaultLit, BlendMode=BLEND_Opaque, SpecialEngine=0, TwoSided=0, TSNormal=1, Masked=0, Distorted=0, WritesEveryPixel=1, ModifiesMeshPosition=0, Usage={bUsedWithInstancedStaticMeshes}"
"/Engine/EngineMaterials/EmissiveMeshMaterial.EmissiveMeshMaterial","0","15","0","15","0","Compiling EmissiveMeshMaterial: Platform=PCD3D_SM5, Usage=LightingModel=MSM_Unlit, BlendMode=BLEND_Additive, SpecialEngine=0, TwoSided=1, TSNormal=1, Masked=0, Distorted=0, WritesEveryPixel=1, ModifiesMeshPosition=0, Usage={}"
"/Engine/EngineDebugMaterials/DebugMeshMaterial.DebugMeshMaterial","0","15","0","15","0","Compiling DebugMeshMaterial: Platform=PCD3D_SM5, Usage=LightingModel=MSM_Unlit, BlendMode=BLEND_Translucent, SpecialEngine=0, TwoSided=1, TSNormal=1, Masked=0, Distorted=0, WritesEveryPixel=1, ModifiesMeshPosition=0, Usage={}"
"/Engine/EngineMaterials/RemoveSurfaceMaterial.RemoveSurfaceMaterial","0","7","0","7","0","Compiling RemoveSurfaceMaterial: Platform=PCD3D_SM5, Usage=LightingModel=MSM_Unlit, BlendMode=BLEND_Opaque, SpecialEngine=0, TwoSided=0, TSNormal=1, Masked=0, Distorted=0, WritesEveryPixel=1, ModifiesMeshPosition=0, Usage={bUsedWithStaticLighting}"
"/OculusVR/Materials/OculusMR_OpaqueColoredMaterial.OculusMR_OpaqueColoredMaterial","0","7","0","7","0","Compiling OculusMR_OpaqueColoredMaterial: Platform=PCD3D_SM5, Usage=LightingModel=MSM_Unlit, BlendMode=BLEND_Opaque, SpecialEngine=0, TwoSided=0, TSNormal=1, Masked=0, Distorted=0, WritesEveryPixel=1, ModifiesMeshPosition=0, Usage={}"
"/OculusVR/Materials/OculusMR_ChromaKey.OculusMR_ChromaKey","0","13","0","13","0","Compiling OculusMR_ChromaKey: Platform=PCD3D_SM5, Usage=LightingModel=MSM_Unlit, BlendMode=BLEND_Translucent, SpecialEngine=0, TwoSided=0, TSNormal=1, Masked=0, Distorted=0, WritesEveryPixel=1, ModifiesMeshPosition=0, Usage={}"
"/Engine/EngineDebugMaterials/M_VolumeRenderSphereTracePP.M_VolumeRenderSphereTracePP","0","9","0","9","0","Compiling M_VolumeRenderSphereTracePP: Platform=PCD3D_SM5, Usage=LightingModel=MSM_Unlit, BlendMode=BLEND_Opaque, SpecialEngine=0, TwoSided=0, TSNormal=1, Masked=0, Distorted=0, WritesEveryPixel=1, ModifiesMeshPosition=0, Usage={}"
"/SpeedTreeImporter/SpeedTree9/SpeedTreeBillboardMaster.SpeedTreeBillboardMaster","0","76","0","80","0","Compiling SpeedTreeBillboardMaster: Platform=PCD3D_SM5, Usage=LightingModel=MSM_TwoSidedFoliage, BlendMode=BLEND_Masked, SpecialEngine=0, TwoSided=0, TSNormal=1, Masked=1, Distorted=0, WritesEveryPixel=0, ModifiesMeshPosition=1, Usage={bUsedWithInstancedStaticMeshes}"
"/SpeedTreeImporter/SpeedTree9/SpeedTreeMaster.SpeedTreeMaster","0","102","0","106","0","Compiling SpeedTreeMaster: Platform=PCD3D_SM5, Usage=LightingModel=MSM_TwoSidedFoliage, BlendMode=BLEND_Masked, SpecialEngine=0, TwoSided=1, TSNormal=1, Masked=1, Distorted=0, WritesEveryPixel=0, ModifiesMeshPosition=1, Usage={bUsedWithStaticLighting,bUsedWithInstancedStaticMeshes}"
"/Engine/EngineDebugMaterials/WireframeMaterial.WireframeMaterial","0","579","0","627","0","Compiling WireframeMaterial: Platform=PCD3D_SM5, Usage=LightingModel=MSM_Unlit, BlendMode=BLEND_Opaque, SpecialEngine=1, TwoSided=0, TSNormal=1, Masked=0, Distorted=0, WritesEveryPixel=0, ModifiesMeshPosition=0, Usage={}"
"/Engine/EngineDebugMaterials/VertexColorMaterial.VertexColorMaterial","0","97","0","102","0","Compiling VertexColorMaterial: Platform=PCD3D_SM5, Usage=LightingModel=MSM_DefaultLit, BlendMode=BLEND_Opaque, SpecialEngine=0, TwoSided=1, TSNormal=1, Masked=0, Distorted=0, WritesEveryPixel=1, ModifiesMeshPosition=0, Usage={bUsedWithSkeletalMesh,bUsedWithInstancedStaticMeshes,bUsedWithGeometryCollections,bUsedWithGeometryCache}"
"/Engine/EngineMaterials/DefaultMaterial.DefaultMaterial","0","135","0","135","0","Compiling DefaultMaterial: Platform=PCD3D_SM5, Usage=LightingModel=MSM_DefaultLit, BlendMode=BLEND_Opaque, SpecialEngine=0, TwoSided=0, TSNormal=1, Masked=0, Distorted=0, WritesEveryPixel=1, ModifiesMeshPosition=0, Usage={bUsedWithSkeletalMesh,bUsedWithMeshParticles,bUsedWithStaticLighting,bUsedWithSplineMeshes,bUsedWithInstancedStaticMeshes,bUsedWithNiagaraSprites,bUsedWithNiagaraRibbons,bUsedWithNiagaraMeshParticles}"
"/Engine/ArtTools/RenderToTexture/Materials/Debug/M_Emissive_Color.M_Emissive_Color","0","7","0","7","0","Compiling M_Emissive_Color: Platform=PCD3D_SM5, Usage=LightingModel=MSM_Unlit, BlendMode=BLEND_Opaque, SpecialEngine=0, TwoSided=0, TSNormal=1, Masked=0, Distorted=0, WritesEveryPixel=1, ModifiesMeshPosition=0, Usage={bUsedWithStaticLighting}"
"/OculusVR/Materials/PokeAHoleMaterial.PokeAHoleMaterial","0","13","0","13","0","Compiling PokeAHoleMaterial: Platform=PCD3D_SM5, Usage=LightingModel=MSM_Unlit, BlendMode=BLEND_Translucent, SpecialEngine=0, TwoSided=0, TSNormal=1, Masked=0, Distorted=0, WritesEveryPixel=1, ModifiesMeshPosition=0, Usage={bUsedWithStaticLighting}"
"/Engine/EngineDebugMaterials/M_SimpleUnlitTranslucent.M_SimpleUnlitTranslucent","0","13","0","13","0","Compiling M_SimpleUnlitTranslucent: Platform=PCD3D_SM5, Usage=LightingModel=MSM_Unlit, BlendMode=BLEND_Translucent, SpecialEngine=0, TwoSided=0, TSNormal=1, Masked=0, Distorted=0, WritesEveryPixel=1, ModifiesMeshPosition=0, Usage={}"
"/Engine/EditorMaterials/Camera/CineMat.CineMat","0","31","0","31","0","Compiling CineMat: Platform=PCD3D_SM5, Usage=LightingModel=MSM_DefaultLit, BlendMode=BLEND_Opaque, SpecialEngine=0, TwoSided=0, TSNormal=1, Masked=0, Distorted=0, WritesEveryPixel=1, ModifiesMeshPosition=0, Usage={bUsedWithSplineMeshes}"
"/Engine/VREditor/TransformGizmo/TranslucentTransformGizmoMaterial.TranslucentTransformGizmoMaterial","0","13","0","13","0","Compiling TranslucentTransformGizmoMaterial: Platform=PCD3D_SM5, Usage=LightingModel=MSM_Unlit, BlendMode=BLEND_Translucent, SpecialEngine=0, TwoSided=0, TSNormal=1, Masked=0, Distorted=0, WritesEveryPixel=1, ModifiesMeshPosition=0, Usage={}"
"/Engine/VREditor/TransformGizmo/TransformGizmoMaterial.TransformGizmoMaterial","0","7","0","7","0","Compiling TransformGizmoMaterial: Platform=PCD3D_SM5, Usage=LightingModel=MSM_Unlit, BlendMode=BLEND_Opaque, SpecialEngine=0, TwoSided=0, TSNormal=1, Masked=0, Distorted=0, WritesEveryPixel=1, ModifiesMeshPosition=0, Usage={}"
"/Engine/VREditor/TransformGizmo/Xray.Xray","0","17","0","17","0","Compiling Xray: Platform=PCD3D_SM5, Usage=LightingModel=MSM_DefaultLit, BlendMode=BLEND_Opaque, SpecialEngine=0, TwoSided=0, TSNormal=1, Masked=0, Distorted=0, WritesEveryPixel=1, ModifiesMeshPosition=0, Usage={}"
"/Engine/VREditor/TransformGizmo/Main.Main","0","13","0","13","0","Compiling Main: Platform=PCD3D_SM5, Usage=LightingModel=MSM_Unlit, BlendMode=BLEND_Translucent, SpecialEngine=0, TwoSided=0, TSNormal=1, Masked=0, Distorted=0, WritesEveryPixel=1, ModifiesMeshPosition=0, Usage={}"
"/Engine/EngineMaterials/BaseFlattenMaterial.BaseFlattenMaterial","0","54","0","57","0","Compiling BaseFlattenMaterial: Platform=PCD3D_SM5, Usage=LightingModel=MSM_DefaultLit, BlendMode=BLEND_Opaque, SpecialEngine=0, TwoSided=0, TSNormal=1, Masked=0, Distorted=0, WritesEveryPixel=0, ModifiesMeshPosition=1, Usage={bUsedWithStaticLighting}"
"/Engine/EngineSky/VolumetricClouds/m_SimpleVolumetricCloud.m_SimpleVolumetricCloud","0","49","0","49","0","Compiling m_SimpleVolumetricCloud: Platform=PCD3D_SM5, Usage=LightingModel=MSM_DefaultLit, BlendMode=BLEND_Additive, SpecialEngine=0, TwoSided=0, TSNormal=1, Masked=0, Distorted=0, WritesEveryPixel=1, ModifiesMeshPosition=0, Usage={}"
"/Engine/EngineMaterials/DefaultPostProcessMaterial.DefaultPostProcessMaterial","0","11","0","11","0","Compiling DefaultPostProcessMaterial: Platform=PCD3D_SM5, Usage=LightingModel=MSM_Unlit, BlendMode=BLEND_Opaque, SpecialEngine=0, TwoSided=0, TSNormal=1, Masked=0, Distorted=0, WritesEveryPixel=1, ModifiesMeshPosition=0, Usage={bUsedWithSkeletalMesh,bUsedWithStaticLighting}"
"/Engine/EngineMaterials/DefaultLightFunctionMaterial.DefaultLightFunctionMaterial","0","22","0","22","0","Compiling DefaultLightFunctionMaterial: Platform=PCD3D_SM5, Usage=LightingModel=MSM_Unlit, BlendMode=BLEND_Opaque, SpecialEngine=0, TwoSided=0, TSNormal=1, Masked=0, Distorted=0, WritesEveryPixel=1, ModifiesMeshPosition=0, Usage={}"
"/Engine/EngineMaterials/DefaultDeferredDecalMaterial.DefaultDeferredDecalMaterial","0","122","0","122","0","Compiling DefaultDeferredDecalMaterial: Platform=PCD3D_SM5, Usage=LightingModel=MSM_DefaultLit, BlendMode=BLEND_Translucent, SpecialEngine=0, TwoSided=0, TSNormal=1, Masked=0, Distorted=0, WritesEveryPixel=1, ModifiesMeshPosition=0, Usage={bUsedWithSkeletalMesh,bUsedWithStaticLighting,bUsedWithSplineMeshes}"
"/Engine/EngineMaterials/WorldGridMaterial.WorldGridMaterial","0","876","0","900","0","Compiling WorldGridMaterial: Platform=PCD3D_SM5, Usage=LightingModel=MSM_DefaultLit, BlendMode=BLEND_Opaque, SpecialEngine=1, TwoSided=0, TSNormal=1, Masked=0, Distorted=0, WritesEveryPixel=1, ModifiesMeshPosition=0, Usage={}"
"/Engine/EngineMaterials/DefaultTextMaterialOpaque.DefaultTextMaterialOpaque","0","38","0","40","0","Compiling DefaultTextMaterialOpaque: Platform=PCD3D_SM5, Usage=LightingModel=MSM_DefaultLit, BlendMode=BLEND_Masked, SpecialEngine=0, TwoSided=1, TSNormal=1, Masked=1, Distorted=0, WritesEveryPixel=0, ModifiesMeshPosition=0, Usage={}"
"/Game/Mannequin/Character/Materials/M_Male_Body.M_Male_Body","0","75","0","81","0","Compiling M_Male_Body: Platform=PCD3D_SM5, Usage=LightingModel=MSM_DefaultLit, BlendMode=BLEND_Masked, SpecialEngine=0, TwoSided=0, TSNormal=1, Masked=1, Distorted=0, WritesEveryPixel=0, ModifiesMeshPosition=1, Usage={bUsedWithSkeletalMesh}, StaticSwitch'PlasticOverride2-1'=True"
"/Game/Mannequin/Character/Materials/M_Male_Body.M_Male_Body","0","75","0","81","0","Compiling M_Male_Body: Platform=PCD3D_SM5, Usage=LightingModel=MSM_DefaultLit, BlendMode=BLEND_Masked, SpecialEngine=0, TwoSided=0, TSNormal=1, Masked=1, Distorted=0, WritesEveryPixel=0, ModifiesMeshPosition=1, Usage={bUsedWithSkeletalMesh}"
"/Game/Geometry/Meshes/CubeMaterial.CubeMaterial","0","26","0","26","0","Compiling CubeMaterial: Platform=PCD3D_SM5, Usage=LightingModel=MSM_DefaultLit, BlendMode=BLEND_Opaque, SpecialEngine=0, TwoSided=0, TSNormal=1, Masked=0, Distorted=0, WritesEveryPixel=1, ModifiesMeshPosition=0, Usage={bUsedWithStaticLighting}"
"/Engine/EditorMaterials/PreviewShadowIndicatorMaterial.PreviewShadowIndicatorMaterial","0","22","0","22","0","Compiling PreviewShadowIndicatorMaterial: Platform=PCD3D_SM5, Usage=LightingModel=MSM_Unlit, BlendMode=BLEND_Opaque, SpecialEngine=0, TwoSided=0, TSNormal=1, Masked=0, Distorted=0, WritesEveryPixel=1, ModifiesMeshPosition=0, Usage={}"
"/Engine/EngineDebugMaterials/DebugEditorMaterial.DebugEditorMaterial","0","12","0","13","0","Compiling DebugEditorMaterial: Platform=PCD3D_SM5, Usage=LightingModel=MSM_Unlit, BlendMode=BLEND_Opaque, SpecialEngine=0, TwoSided=1, TSNormal=1, Masked=0, Distorted=0, WritesEveryPixel=1, ModifiesMeshPosition=0, Usage={}"
"/Engine/EngineSky/M_Sky_Panning_Clouds2.M_Sky_Panning_Clouds2","0","7","0","7","0","Compiling M_Sky_Panning_Clouds2: Platform=PCD3D_SM5, Usage=LightingModel=MSM_Unlit, BlendMode=BLEND_Opaque, SpecialEngine=0, TwoSided=0, TSNormal=1, Masked=0, Distorted=0, WritesEveryPixel=1, ModifiesMeshPosition=0, Usage={bUsedWithStaticLighting}"
"/Game/ThirdPerson/Meshes/RampMaterial.RampMaterial","0","26","0","26","0","Compiling RampMaterial: Platform=PCD3D_SM5, Usage=LightingModel=MSM_DefaultLit, BlendMode=BLEND_Opaque, SpecialEngine=0, TwoSided=0, TSNormal=1, Masked=0, Distorted=0, WritesEveryPixel=1, ModifiesMeshPosition=0, Usage={bUsedWithStaticLighting}"
"/Engine/EngineMaterials/AntiAliasedTextMaterialTranslucent.AntiAliasedTextMaterialTranslucent","0","35","0","35","0","Compiling AntiAliasedTextMaterialTranslucent: Platform=PCD3D_SM5, Usage=LightingModel=MSM_DefaultLit, BlendMode=BLEND_Translucent, SpecialEngine=0, TwoSided=1, TSNormal=1, Masked=0, Distorted=0, WritesEveryPixel=1, ModifiesMeshPosition=0, Usage={}"
"/Engine/EditorMeshes/ColorCalibrator/M_GreyBall.M_GreyBall","0","26","0","26","0","Compiling M_GreyBall: Platform=PCD3D_SM5, Usage=LightingModel=MSM_DefaultLit, BlendMode=BLEND_Opaque, SpecialEngine=0, TwoSided=0, TSNormal=1, Masked=0, Distorted=0, WritesEveryPixel=1, ModifiesMeshPosition=0, Usage={bUsedWithStaticLighting}"
"/Engine/EditorMeshes/ColorCalibrator/M_ColorGrid.M_ColorGrid","0","26","0","26","0","Compiling M_ColorGrid: Platform=PCD3D_SM5, Usage=LightingModel=MSM_DefaultLit, BlendMode=BLEND_Opaque, SpecialEngine=0, TwoSided=0, TSNormal=1, Masked=0, Distorted=0, WritesEveryPixel=1, ModifiesMeshPosition=0, Usage={bUsedWithStaticLighting}"
"/Engine/EditorMeshes/ColorCalibrator/M_ClearCoatBlack.M_ClearCoatBlack","0","26","0","26","0","Compiling M_ClearCoatBlack: Platform=PCD3D_SM5, Usage=LightingModel=MSM_DefaultLit, BlendMode=BLEND_Opaque, SpecialEngine=0, TwoSided=0, TSNormal=1, Masked=0, Distorted=0, WritesEveryPixel=1, ModifiesMeshPosition=0, Usage={bUsedWithStaticLighting}"
"/Engine/EditorMeshes/ColorCalibrator/M_ClearCoat.M_ClearCoat","0","26","0","26","0","Compiling M_ClearCoat: Platform=PCD3D_SM5, Usage=LightingModel=MSM_ClearCoat, BlendMode=BLEND_Opaque, SpecialEngine=0, TwoSided=0, TSNormal=1, Masked=0, Distorted=0, WritesEveryPixel=1, ModifiesMeshPosition=0, Usage={bUsedWithStaticLighting}"
"/Engine/EditorMeshes/ColorCalibrator/M_ChromeBall.M_ChromeBall","0","38","0","38","0","Compiling M_ChromeBall: Platform=PCD3D_SM5, Usage=LightingModel=MSM_DefaultLit, BlendMode=BLEND_Opaque, SpecialEngine=0, TwoSided=0, TSNormal=1, Masked=0, Distorted=0, WritesEveryPixel=1, ModifiesMeshPosition=0, Usage={bUsedWithSkeletalMesh,bUsedWithStaticLighting}"
"/Game/InfinityBladeWeapons/Weapons/Weapon_ForgingHammers/T_Forging_Mallet_02and3_D_Mat.T_Forging_Mallet_02and3_D_Mat","0","29","0","29","0","Compiling T_Forging_Mallet_02and3_D_Mat: Platform=PCD3D_SM5, Usage=LightingModel=MSM_DefaultLit, BlendMode=BLEND_Opaque, SpecialEngine=0, TwoSided=0, TSNormal=1, Masked=0, Distorted=0, WritesEveryPixel=1, ModifiesMeshPosition=0, Usage={bUsedWithSkeletalMesh}"
"/Game/InfinityBladeWeapons/Weapons/Weapon_ForgingHammers/M_ForgeHammer_02.M_ForgeHammer_02","0","29","0","29","0","Compiling M_ForgeHammer_02: Platform=PCD3D_SM5, Usage=LightingModel=MSM_DefaultLit, BlendMode=BLEND_Opaque, SpecialEngine=0, TwoSided=0, TSNormal=1, Masked=0, Distorted=0, WritesEveryPixel=1, ModifiesMeshPosition=0, Usage={bUsedWithSkeletalMesh}"
"/Game/InfinityBladeWeapons/Weapons/Weapon_ForgingHammers/M_ForgeHammer_01.M_ForgeHammer_01","0","29","0","29","0","Compiling M_ForgeHammer_01: Platform=PCD3D_SM5, Usage=LightingModel=MSM_DefaultLit, BlendMode=BLEND_Opaque, SpecialEngine=0, TwoSided=0, TSNormal=1, Masked=0, Distorted=0, WritesEveryPixel=1, ModifiesMeshPosition=0, Usage={bUsedWithSkeletalMesh}"
"/Game/InfinityBladeWeapons/Weapons/Maps/LevelContent/Architecture/M_CycRoom_01.M_CycRoom_01","0","26","0","26","0","Compiling M_CycRoom_01: Platform=PCD3D_SM5, Usage=LightingModel=MSM_DefaultLit, BlendMode=BLEND_Opaque, SpecialEngine=0, TwoSided=0, TSNormal=1, Masked=0, Distorted=0, WritesEveryPixel=1, ModifiesMeshPosition=0, Usage={bUsedWithStaticLighting}"
"/Game/InfinityBladeWeapons/Weapons/Maps/LevelContent/Architecture/M_1Meter_01.M_1Meter_01","0","31","0","32","0","Compiling M_1Meter_01: Platform=PCD3D_SM5, Usage=LightingModel=MSM_DefaultLit, BlendMode=BLEND_Opaque, SpecialEngine=0, TwoSided=1, TSNormal=1, Masked=0, Distorted=0, WritesEveryPixel=1, ModifiesMeshPosition=0, Usage={bUsedWithStaticLighting}"
"/Game/InfinityBladeWeapons/Weapons/Dual_Blade/Dual_Blade_WrappedDeath/M_Dual_Blade_WrappedDeath.M_Dual_Blade_WrappedDeath","0","29","0","29","0","Compiling M_Dual_Blade_WrappedDeath: Platform=PCD3D_SM5, Usage=LightingModel=MSM_DefaultLit, BlendMode=BLEND_Opaque, SpecialEngine=0, TwoSided=0, TSNormal=1, Masked=0, Distorted=0, WritesEveryPixel=1, ModifiesMeshPosition=0, Usage={bUsedWithSkeletalMesh}"
"/Game/InfinityBladeWeapons/Weapons/Dual_Blade/Dual_Blade_Tech/M_Dual_Blade_Tech.M_Dual_Blade_Tech","0","29","0","29","0","Compiling M_Dual_Blade_Tech: Platform=PCD3D_SM5, Usage=LightingModel=MSM_DefaultLit, BlendMode=BLEND_Opaque, SpecialEngine=0, TwoSided=0, TSNormal=1, Masked=0, Distorted=0, WritesEveryPixel=1, ModifiesMeshPosition=0, Usage={bUsedWithSkeletalMesh}"
"/Game/InfinityBladeWeapons/Weapons/Dual_Blade/Dual_Blade_Talon/M_Dual_Blade_Talon.M_Dual_Blade_Talon","0","29","0","29","0","Compiling M_Dual_Blade_Talon: Platform=PCD3D_SM5, Usage=LightingModel=MSM_DefaultLit, BlendMode=BLEND_Opaque, SpecialEngine=0, TwoSided=0, TSNormal=1, Masked=0, Distorted=0, WritesEveryPixel=1, ModifiesMeshPosition=0, Usage={bUsedWithSkeletalMesh}"
"/Game/InfinityBladeWeapons/Weapons/Dual_Blade/Dual_Blade_SwordOfStorms/M_Dual_Blade_SwordOfStorms.M_Dual_Blade_SwordOfStorms","0","29","0","29","0","Compiling M_Dual_Blade_SwordOfStorms: Platform=PCD3D_SM5, Usage=LightingModel=MSM_DefaultLit, BlendMode=BLEND_Opaque, SpecialEngine=0, TwoSided=0, TSNormal=1, Masked=0, Distorted=0, WritesEveryPixel=1, ModifiesMeshPosition=0, Usage={bUsedWithSkeletalMesh}"
"/Game/InfinityBladeWeapons/Weapons/Dual_Blade/Dual_Blade_Rock/M_Dual_Blade_Rock.M_Dual_Blade_Rock","0","29","0","29","0","Compiling M_Dual_Blade_Rock: Platform=PCD3D_SM5, Usage=LightingModel=MSM_DefaultLit, BlendMode=BLEND_Opaque, SpecialEngine=0, TwoSided=0, TSNormal=1, Masked=0, Distorted=0, WritesEveryPixel=1, ModifiesMeshPosition=0, Usage={bUsedWithSkeletalMesh}"
"/Game/InfinityBladeWeapons/Weapons/Dual_Blade/Dual_Blade_Machete/M_Dual_Blade_Machete.M_Dual_Blade_Machete","0","29","0","29","0","Compiling M_Dual_Blade_Machete: Platform=PCD3D_SM5, Usage=LightingModel=MSM_DefaultLit, BlendMode=BLEND_Opaque, SpecialEngine=0, TwoSided=0, TSNormal=1, Masked=0, Distorted=0, WritesEveryPixel=1, ModifiesMeshPosition=0, Usage={bUsedWithSkeletalMesh}"
"/Game/InfinityBladeWeapons/Weapons/Dual_Blade/Dual_Blade_Glimmer/M_Dual_Blade_Glimmer.M_Dual_Blade_Glimmer","0","29","0","29","0","Compiling M_Dual_Blade_Glimmer: Platform=PCD3D_SM5, Usage=LightingModel=MSM_DefaultLit, BlendMode=BLEND_Opaque, SpecialEngine=0, TwoSided=0, TSNormal=1, Masked=0, Distorted=0, WritesEveryPixel=1, ModifiesMeshPosition=0, Usage={bUsedWithSkeletalMesh}"
"/Game/InfinityBladeWeapons/Weapons/Dual_Blade/Dual_Blade_Fang/M_Dual_Blade_Fang.M_Dual_Blade_Fang","0","29","0","29","0","Compiling M_Dual_Blade_Fang: Platform=PCD3D_SM5, Usage=LightingModel=MSM_DefaultLit, BlendMode=BLEND_Opaque, SpecialEngine=0, TwoSided=0, TSNormal=1, Masked=0, Distorted=0, WritesEveryPixel=1, ModifiesMeshPosition=0, Usage={bUsedWithSkeletalMesh}"
"/Game/InfinityBladeWeapons/Weapons/Dual_Blade/Dual_Blade_Cleaver/M_Dual_Blade_Cleaver.M_Dual_Blade_Cleaver","0","29","0","29","0","Compiling M_Dual_Blade_Cleaver: Platform=PCD3D_SM5, Usage=LightingModel=MSM_DefaultLit, BlendMode=BLEND_Opaque, SpecialEngine=0, TwoSided=0, TSNormal=1, Masked=0, Distorted=0, WritesEveryPixel=1, ModifiesMeshPosition=0, Usage={bUsedWithSkeletalMesh}"
"/Game/InfinityBladeWeapons/Weapons/Dual_Blade/Dual_Blade_BronzeScythe/M_Dual_Blade_BronzeScythe.M_Dual_Blade_BronzeScythe","0","29","0","29","0","Compiling M_Dual_Blade_BronzeScythe: Platform=PCD3D_SM5, Usage=LightingModel=MSM_DefaultLit, BlendMode=BLEND_Opaque, SpecialEngine=0, TwoSided=0, TSNormal=1, Masked=0, Distorted=0, WritesEveryPixel=1, ModifiesMeshPosition=0, Usage={bUsedWithSkeletalMesh}"
"/Game/InfinityBladeWeapons/Weapons/Dual_Blade/Dual_Blade_Bone/M_Dual_Blade_Bone.M_Dual_Blade_Bone","0","29","0","29","0","Compiling M_Dual_Blade_Bone: Platform=PCD3D_SM5, Usage=LightingModel=MSM_DefaultLit, BlendMode=BLEND_Opaque, SpecialEngine=0, TwoSided=0, TSNormal=1, Masked=0, Distorted=0, WritesEveryPixel=1, ModifiesMeshPosition=0, Usage={bUsedWithSkeletalMesh}"
"/Game/InfinityBladeWeapons/Weapons/Dual_Blade/Dual_Blade_Axe9/M_Dual_Blade_Axe9.M_Dual_Blade_Axe9","0","29","0","29","0","Compiling M_Dual_Blade_Axe9: Platform=PCD3D_SM5, Usage=LightingModel=MSM_DefaultLit, BlendMode=BLEND_Opaque, SpecialEngine=0, TwoSided=0, TSNormal=1, Masked=0, Distorted=0, WritesEveryPixel=1, ModifiesMeshPosition=0, Usage={bUsedWithSkeletalMesh}"
"/Game/InfinityBladeWeapons/Weapons/Dual_Blade/Dual_Blade_Axe8/M_Dual_Blade_Axe8.M_Dual_Blade_Axe8","0","29","0","29","0","Compiling M_Dual_Blade_Axe8: Platform=PCD3D_SM5, Usage=LightingModel=MSM_DefaultLit, BlendMode=BLEND_Opaque, SpecialEngine=0, TwoSided=0, TSNormal=1, Masked=0, Distorted=0, WritesEveryPixel=1, ModifiesMeshPosition=0, Usage={bUsedWithSkeletalMesh}"
"/Game/InfinityBladeWeapons/Weapons/Dual_Blade/Dual_Blade_Axe7/M_Dual_Blade_Axe7.M_Dual_Blade_Axe7","0","29","0","29","0","Compiling M_Dual_Blade_Axe7: Platform=PCD3D_SM5, Usage=LightingModel=MSM_DefaultLit, BlendMode=BLEND_Opaque, SpecialEngine=0, TwoSided=0, TSNormal=1, Masked=0, Distorted=0, WritesEveryPixel=1, ModifiesMeshPosition=0, Usage={bUsedWithSkeletalMesh}"
"/Game/InfinityBladeWeapons/Weapons/Dual_Blade/Dual_Blade_Axe6/M_Dual_Blade_Axe6.M_Dual_Blade_Axe6","0","29","0","29","0","Compiling M_Dual_Blade_Axe6: Platform=PCD3D_SM5, Usage=LightingModel=MSM_DefaultLit, BlendMode=BLEND_Opaque, SpecialEngine=0, TwoSided=0, TSNormal=1, Masked=0, Distorted=0, WritesEveryPixel=1, ModifiesMeshPosition=0, Usage={bUsedWithSkeletalMesh}"
"/Game/InfinityBladeWeapons/Weapons/Dual_Blade/Dual_Blade_Axe5/M_Dual_Blade_Axe5.M_Dual_Blade_Axe5","0","29","0","29","0","Compiling M_Dual_Blade_Axe5: Platform=PCD3D_SM5, Usage=LightingModel=MSM_DefaultLit, BlendMode=BLEND_Opaque, SpecialEngine=0, TwoSided=0, TSNormal=1, Masked=0, Distorted=0, WritesEveryPixel=1, ModifiesMeshPosition=0, Usage={bUsedWithSkeletalMesh}"
"/Game/InfinityBladeWeapons/Weapons/Dual_Blade/Dual_Blade_Axe4/M_Dual_Blade_Axe4.M_Dual_Blade_Axe4","0","29","0","29","0","Compiling M_Dual_Blade_Axe4: Platform=PCD3D_SM5, Usage=LightingModel=MSM_DefaultLit, BlendMode=BLEND_Opaque, SpecialEngine=0, TwoSided=0, TSNormal=1, Masked=0, Distorted=0, WritesEveryPixel=1, ModifiesMeshPosition=0, Usage={bUsedWithSkeletalMesh}"
"/Game/InfinityBladeWeapons/Weapons/Dual_Blade/Dual_Blade_Axe3/M_Dual_Blade_Axe3.M_Dual_Blade_Axe3","0","29","0","29","0","Compiling M_Dual_Blade_Axe3: Platform=PCD3D_SM5, Usage=LightingModel=MSM_DefaultLit, BlendMode=BLEND_Opaque, SpecialEngine=0, TwoSided=0, TSNormal=1, Masked=0, Distorted=0, WritesEveryPixel=1, ModifiesMeshPosition=0, Usage={bUsedWithSkeletalMesh}"
"/Game/InfinityBladeWeapons/Weapons/Dual_Blade/Dual_Blade_Axe2/M_Dual_Blade_Axe2.M_Dual_Blade_Axe2","0","29","0","29","0","Compiling M_Dual_Blade_Axe2: Platform=PCD3D_SM5, Usage=LightingModel=MSM_DefaultLit, BlendMode=BLEND_Opaque, SpecialEngine=0, TwoSided=0, TSNormal=1, Masked=0, Distorted=0, WritesEveryPixel=1, ModifiesMeshPosition=0, Usage={bUsedWithSkeletalMesh}"
"/Game/InfinityBladeWeapons/Weapons/Dual_Blade/Dual_Blade_Axe17/M_Dual_Blade_Axe17.M_Dual_Blade_Axe17","0","29","0","29","0","Compiling M_Dual_Blade_Axe17: Platform=PCD3D_SM5, Usage=LightingModel=MSM_DefaultLit, BlendMode=BLEND_Opaque, SpecialEngine=0, TwoSided=0, TSNormal=1, Masked=0, Distorted=0, WritesEveryPixel=1, ModifiesMeshPosition=0, Usage={bUsedWithSkeletalMesh}"
"/Game/InfinityBladeWeapons/Weapons/Dual_Blade/Dual_Blade_Axe16/M_Dual_Blade_Axe16.M_Dual_Blade_Axe16","0","29","0","29","0","Compiling M_Dual_Blade_Axe16: Platform=PCD3D_SM5, Usage=LightingModel=MSM_DefaultLit, BlendMode=BLEND_Opaque, SpecialEngine=0, TwoSided=0, TSNormal=1, Masked=0, Distorted=0, WritesEveryPixel=1, ModifiesMeshPosition=0, Usage={bUsedWithSkeletalMesh}"
"/Game/InfinityBladeWeapons/Weapons/Dual_Blade/Dual_Blade_Axe15/M_Dual_Blade_Axe15.M_Dual_Blade_Axe15","0","29","0","29","0","Compiling M_Dual_Blade_Axe15: Platform=PCD3D_SM5, Usage=LightingModel=MSM_DefaultLit, BlendMode=BLEND_Opaque, SpecialEngine=0, TwoSided=0, TSNormal=1, Masked=0, Distorted=0, WritesEveryPixel=1, ModifiesMeshPosition=0, Usage={bUsedWithSkeletalMesh}"
"/Game/InfinityBladeWeapons/Weapons/Dual_Blade/Dual_Blade_Axe14/M_Dual_Blade_Axe14.M_Dual_Blade_Axe14","0","29","0","29","0","Compiling M_Dual_Blade_Axe14: Platform=PCD3D_SM5, Usage=LightingModel=MSM_DefaultLit, BlendMode=BLEND_Opaque, SpecialEngine=0, TwoSided=0, TSNormal=1, Masked=0, Distorted=0, WritesEveryPixel=1, ModifiesMeshPosition=0, Usage={bUsedWithSkeletalMesh}"
"/Game/InfinityBladeWeapons/Weapons/Dual_Blade/Dual_Blade_Axe13/M_Dual_Blade_Axe13.M_Dual_Blade_Axe13","0","29","0","29","0","Compiling M_Dual_Blade_Axe13: Platform=PCD3D_SM5, Usage=LightingModel=MSM_DefaultLit, BlendMode=BLEND_Opaque, SpecialEngine=0, TwoSided=0, TSNormal=1, Masked=0, Distorted=0, WritesEveryPixel=1, ModifiesMeshPosition=0, Usage={bUsedWithSkeletalMesh}"
"/Game/InfinityBladeWeapons/Weapons/Dual_Blade/Dual_Blade_Axe12/M_Dual_Blade_Axe12.M_Dual_Blade_Axe12","0","29","0","29","0","Compiling M_Dual_Blade_Axe12: Platform=PCD3D_SM5, Usage=LightingModel=MSM_DefaultLit, BlendMode=BLEND_Opaque, SpecialEngine=0, TwoSided=0, TSNormal=1, Masked=0, Distorted=0, WritesEveryPixel=1, ModifiesMeshPosition=0, Usage={bUsedWithSkeletalMesh}"
"/Game/InfinityBladeWeapons/Weapons/Dual_Blade/Dual_Blade_Axe11/M_Dual_Blade_Axe11.M_Dual_Blade_Axe11","0","29","0","29","0","Compiling M_Dual_Blade_Axe11: Platform=PCD3D_SM5, Usage=LightingModel=MSM_DefaultLit, BlendMode=BLEND_Opaque, SpecialEngine=0, TwoSided=0, TSNormal=1, Masked=0, Distorted=0, WritesEveryPixel=1, ModifiesMeshPosition=0, Usage={bUsedWithSkeletalMesh}"
"/Game/InfinityBladeWeapons/Weapons/Dual_Blade/Dual_Blade_Axe10/M_Dual_Blade_Axe10.M_Dual_Blade_Axe10","0","29","0","29","0","Compiling M_Dual_Blade_Axe10: Platform=PCD3D_SM5, Usage=LightingModel=MSM_DefaultLit, BlendMode=BLEND_Opaque, SpecialEngine=0, TwoSided=0, TSNormal=1, Masked=0, Distorted=0, WritesEveryPixel=1, ModifiesMeshPosition=0, Usage={bUsedWithSkeletalMesh}"
"/Game/InfinityBladeWeapons/Weapons/Dual_Blade/Dual_Blade_Axe1/M_Dual_Blade_Axe1.M_Dual_Blade_Axe1","0","29","0","29","0","Compiling M_Dual_Blade_Axe1: Platform=PCD3D_SM5, Usage=LightingModel=MSM_DefaultLit, BlendMode=BLEND_Opaque, SpecialEngine=0, TwoSided=0, TSNormal=1, Masked=0, Distorted=0, WritesEveryPixel=1, ModifiesMeshPosition=0, Usage={bUsedWithSkeletalMesh}"
"/Game/InfinityBladeWeapons/Weapons/Dual_Blade/Dual_Blade_Arrow/M_Dual_Blade_Arrow.M_Dual_Blade_Arrow","0","29","0","29","0","Compiling M_Dual_Blade_Arrow: Platform=PCD3D_SM5, Usage=LightingModel=MSM_DefaultLit, BlendMode=BLEND_Opaque, SpecialEngine=0, TwoSided=0, TSNormal=1, Masked=0, Distorted=0, WritesEveryPixel=1, ModifiesMeshPosition=0, Usage={bUsedWithSkeletalMesh}"
"/Game/InfinityBladeWeapons/Weapons/Blunt/Blunt_Unicorn/M_Blunt_Unicorn.M_Blunt_Unicorn","0","29","0","29","0","Compiling M_Blunt_Unicorn: Platform=PCD3D_SM5, Usage=LightingModel=MSM_DefaultLit, BlendMode=BLEND_Opaque, SpecialEngine=0, TwoSided=0, TSNormal=1, Masked=0, Distorted=0, WritesEveryPixel=1, ModifiesMeshPosition=0, Usage={bUsedWithSkeletalMesh}"
"/Game/InfinityBladeWeapons/Weapons/Blunt/Blunt_Temperance/M_Blunt_Temperance.M_Blunt_Temperance","0","29","0","29","0","Compiling M_Blunt_Temperance: Platform=PCD3D_SM5, Usage=LightingModel=MSM_DefaultLit, BlendMode=BLEND_Opaque, SpecialEngine=0, TwoSided=0, TSNormal=1, Masked=0, Distorted=0, WritesEveryPixel=1, ModifiesMeshPosition=0, Usage={bUsedWithSkeletalMesh}"
"/Game/InfinityBladeWeapons/Weapons/Blunt/Blunt_StoneHammer/M_Blunt_StoneHammer.M_Blunt_StoneHammer","0","29","0","29","0","Compiling M_Blunt_StoneHammer: Platform=PCD3D_SM5, Usage=LightingModel=MSM_DefaultLit, BlendMode=BLEND_Opaque, SpecialEngine=0, TwoSided=0, TSNormal=1, Masked=0, Distorted=0, WritesEveryPixel=1, ModifiesMeshPosition=0, Usage={bUsedWithSkeletalMesh}"
"/Game/InfinityBladeWeapons/Weapons/Blunt/Blunt_SpikedClub/M_Blunt_SpikedClub.M_Blunt_SpikedClub","0","29","0","29","0","Compiling M_Blunt_SpikedClub: Platform=PCD3D_SM5, Usage=LightingModel=MSM_DefaultLit, BlendMode=BLEND_Opaque, SpecialEngine=0, TwoSided=0, TSNormal=1, Masked=0, Distorted=0, WritesEveryPixel=1, ModifiesMeshPosition=0, Usage={bUsedWithSkeletalMesh}"
"/Game/InfinityBladeWeapons/Weapons/Blunt/Blunt_RockyHammer/M_Blunt_RockyHammer.M_Blunt_RockyHammer","0","29","0","29","0","Compiling M_Blunt_RockyHammer: Platform=PCD3D_SM5, Usage=LightingModel=MSM_DefaultLit, BlendMode=BLEND_Opaque, SpecialEngine=0, TwoSided=0, TSNormal=1, Masked=0, Distorted=0, WritesEveryPixel=1, ModifiesMeshPosition=0, Usage={bUsedWithSkeletalMesh}"
"/Game/InfinityBladeWeapons/Weapons/Blunt/Blunt_Ravager/M_Blunt_Ravager.M_Blunt_Ravager","0","29","0","29","0","Compiling M_Blunt_Ravager: Platform=PCD3D_SM5, Usage=LightingModel=MSM_DefaultLit, BlendMode=BLEND_Opaque, SpecialEngine=0, TwoSided=0, TSNormal=1, Masked=0, Distorted=0, WritesEveryPixel=1, ModifiesMeshPosition=0, Usage={bUsedWithSkeletalMesh}"
"/Game/InfinityBladeWeapons/Weapons/Blunt/Blunt_Punctuator/M_Blunt_Punctuator.M_Blunt_Punctuator","0","29","0","29","0","Compiling M_Blunt_Punctuator: Platform=PCD3D_SM5, Usage=LightingModel=MSM_DefaultLit, BlendMode=BLEND_Opaque, SpecialEngine=0, TwoSided=0, TSNormal=1, Masked=0, Distorted=0, WritesEveryPixel=1, ModifiesMeshPosition=0, Usage={bUsedWithSkeletalMesh}"
"/Game/InfinityBladeWeapons/Weapons/Blunt/Blunt_Pulverizer/M_Blunt_Pulverizer.M_Blunt_Pulverizer","0","29","0","29","0","Compiling M_Blunt_Pulverizer: Platform=PCD3D_SM5, Usage=LightingModel=MSM_DefaultLit, BlendMode=BLEND_Opaque, SpecialEngine=0, TwoSided=0, TSNormal=1, Masked=0, Distorted=0, WritesEveryPixel=1, ModifiesMeshPosition=0, Usage={bUsedWithSkeletalMesh}"
"/Game/InfinityBladeWeapons/Weapons/Blunt/Blunt_Primative/M_Blunt_Primative.M_Blunt_Primative","0","29","0","29","0","Compiling M_Blunt_Primative: Platform=PCD3D_SM5, Usage=LightingModel=MSM_DefaultLit, BlendMode=BLEND_Opaque, SpecialEngine=0, TwoSided=0, TSNormal=1, Masked=0, Distorted=0, WritesEveryPixel=1, ModifiesMeshPosition=0, Usage={bUsedWithSkeletalMesh}"
"/Game/InfinityBladeWeapons/Weapons/Blunt/Blunt_MeatTenderizer/M_Blunt_MeatTenderizer.M_Blunt_MeatTenderizer","0","29","0","29","0","Compiling M_Blunt_MeatTenderizer: Platform=PCD3D_SM5, Usage=LightingModel=MSM_DefaultLit, BlendMode=BLEND_Opaque, SpecialEngine=0, TwoSided=0, TSNormal=1, Masked=0, Distorted=0, WritesEveryPixel=1, ModifiesMeshPosition=0, Usage={bUsedWithSkeletalMesh}"
"/Game/InfinityBladeWeapons/Weapons/Blunt/Blunt_JudgeHammer/M_Blunt_JudgeHammer.M_Blunt_JudgeHammer","0","29","0","29","0","Compiling M_Blunt_JudgeHammer: Platform=PCD3D_SM5, Usage=LightingModel=MSM_DefaultLit, BlendMode=BLEND_Opaque, SpecialEngine=0, TwoSided=0, TSNormal=1, Masked=0, Distorted=0, WritesEveryPixel=1, ModifiesMeshPosition=0, Usage={bUsedWithSkeletalMesh}"
"/Game/InfinityBladeWeapons/Weapons/Blunt/Blunt_IceElemental/M_Blunt_IceElemental.M_Blunt_IceElemental","0","29","0","29","0","Compiling M_Blunt_IceElemental: Platform=PCD3D_SM5, Usage=LightingModel=MSM_DefaultLit, BlendMode=BLEND_Opaque, SpecialEngine=0, TwoSided=0, TSNormal=1, Masked=0, Distorted=0, WritesEveryPixel=1, ModifiesMeshPosition=0, Usage={bUsedWithSkeletalMesh}"
"/Game/InfinityBladeWeapons/Weapons/Blunt/Blunt_Hellhammer_Cine/M_Blunt_Hellhammer_Cine.M_Blunt_Hellhammer_Cine","0","29","0","29","0","Compiling M_Blunt_Hellhammer_Cine: Platform=PCD3D_SM5, Usage=LightingModel=MSM_DefaultLit, BlendMode=BLEND_Opaque, SpecialEngine=0, TwoSided=0, TSNormal=1, Masked=0, Distorted=0, WritesEveryPixel=1, ModifiesMeshPosition=0, Usage={bUsedWithSkeletalMesh}"
"/Game/InfinityBladeWeapons/Weapons/Blunt/Blunt_Hellhammer/M_Blunt_Hellhammer.M_Blunt_Hellhammer","0","29","0","29","0","Compiling M_Blunt_Hellhammer: Platform=PCD3D_SM5, Usage=LightingModel=MSM_DefaultLit, BlendMode=BLEND_Opaque, SpecialEngine=0, TwoSided=0, TSNormal=1, Masked=0, Distorted=0, WritesEveryPixel=1, ModifiesMeshPosition=0, Usage={bUsedWithSkeletalMesh}"
"/Game/InfinityBladeWeapons/Weapons/Blunt/Blunt_Hambone/M_Blunt_Hambone.M_Blunt_Hambone","0","29","0","29","0","Compiling M_Blunt_Hambone: Platform=PCD3D_SM5, Usage=LightingModel=MSM_DefaultLit, BlendMode=BLEND_Opaque, SpecialEngine=0, TwoSided=0, TSNormal=1, Masked=0, Distorted=0, WritesEveryPixel=1, ModifiesMeshPosition=0, Usage={bUsedWithSkeletalMesh}"
"/Game/InfinityBladeWeapons/Weapons/Blunt/Blunt_GuitarHammer/M_Blunt_GuitarHammer.M_Blunt_GuitarHammer","0","29","0","29","0","Compiling M_Blunt_GuitarHammer: Platform=PCD3D_SM5, Usage=LightingModel=MSM_DefaultLit, BlendMode=BLEND_Opaque, SpecialEngine=0, TwoSided=0, TSNormal=1, Masked=0, Distorted=0, WritesEveryPixel=1, ModifiesMeshPosition=0, Usage={bUsedWithSkeletalMesh}"
"/Game/InfinityBladeWeapons/Weapons/Blunt/Blunt_FrostGiant/M_Blunt_FrostGiant.M_Blunt_FrostGiant","0","29","0","29","0","Compiling M_Blunt_FrostGiant: Platform=PCD3D_SM5, Usage=LightingModel=MSM_DefaultLit, BlendMode=BLEND_Opaque, SpecialEngine=0, TwoSided=0, TSNormal=1, Masked=0, Distorted=0, WritesEveryPixel=1, ModifiesMeshPosition=0, Usage={bUsedWithSkeletalMesh}"
"/Game/InfinityBladeWeapons/Weapons/Blunt/Blunt_CrudeHammer/M_Blunt_CrudeHammer.M_Blunt_CrudeHammer","0","29","0","29","0","Compiling M_Blunt_CrudeHammer: Platform=PCD3D_SM5, Usage=LightingModel=MSM_DefaultLit, BlendMode=BLEND_Opaque, SpecialEngine=0, TwoSided=0, TSNormal=1, Masked=0, Distorted=0, WritesEveryPixel=1, ModifiesMeshPosition=0, Usage={bUsedWithSkeletalMesh}"
"/Game/InfinityBladeWeapons/Weapons/Blunt/Blunt_Core/M_Blunt_Core.M_Blunt_Core","0","29","0","29","0","Compiling M_Blunt_Core: Platform=PCD3D_SM5, Usage=LightingModel=MSM_DefaultLit, BlendMode=BLEND_Opaque, SpecialEngine=0, TwoSided=0, TSNormal=1, Masked=0, Distorted=0, WritesEveryPixel=1, ModifiesMeshPosition=0, Usage={bUsedWithSkeletalMesh}"
"/Game/InfinityBladeWeapons/Weapons/Blunt/Blunt_CinderBlock/M_Blunt_CinderBlock.M_Blunt_CinderBlock","0","29","0","29","0","Compiling M_Blunt_CinderBlock: Platform=PCD3D_SM5, Usage=LightingModel=MSM_DefaultLit, BlendMode=BLEND_Opaque, SpecialEngine=0, TwoSided=0, TSNormal=1, Masked=0, Distorted=0, WritesEveryPixel=1, ModifiesMeshPosition=0, Usage={bUsedWithSkeletalMesh}"
"/Game/InfinityBladeWeapons/Weapons/Blunt/Blunt_Bludgeoner/M_Blunt_Bludgeoner.M_Blunt_Bludgeoner","0","29","0","29","0","Compiling M_Blunt_Bludgeoner: Platform=PCD3D_SM5, Usage=LightingModel=MSM_DefaultLit, BlendMode=BLEND_Opaque, SpecialEngine=0, TwoSided=0, TSNormal=1, Masked=0, Distorted=0, WritesEveryPixel=1, ModifiesMeshPosition=0, Usage={bUsedWithSkeletalMesh}"
"/Game/InfinityBladeWeapons/Weapons/Blunt/Blunt_Bell/M_Blunt_Bell.M_Blunt_Bell","0","29","0","29","0","Compiling M_Blunt_Bell: Platform=PCD3D_SM5, Usage=LightingModel=MSM_DefaultLit, BlendMode=BLEND_Opaque, SpecialEngine=0, TwoSided=0, TSNormal=1, Masked=0, Distorted=0, WritesEveryPixel=1, ModifiesMeshPosition=0, Usage={bUsedWithSkeletalMesh}"
"/Game/InfinityBladeWeapons/Weapons/Blade/Swords/Blade_SwordB/M_Blade_SwordB.M_Blade_SwordB","0","29","0","29","0","Compiling M_Blade_SwordB: Platform=PCD3D_SM5, Usage=LightingModel=MSM_DefaultLit, BlendMode=BLEND_Opaque, SpecialEngine=0, TwoSided=0, TSNormal=1, Masked=0, Distorted=0, WritesEveryPixel=1, ModifiesMeshPosition=0, Usage={bUsedWithSkeletalMesh}"
"/Game/InfinityBladeWeapons/Weapons/Blade/Swords/Blade_SwordA/M_Blade_SwordA.M_Blade_SwordA","0","29","0","29","0","Compiling M_Blade_SwordA: Platform=PCD3D_SM5, Usage=LightingModel=MSM_DefaultLit, BlendMode=BLEND_Opaque, SpecialEngine=0, TwoSided=0, TSNormal=1, Masked=0, Distorted=0, WritesEveryPixel=1, ModifiesMeshPosition=0, Usage={bUsedWithSkeletalMesh}"
"/Game/InfinityBladeWeapons/Weapons/Blade/Swords/Blade_HeroSword22/M_Blade_HeroSword22.M_Blade_HeroSword22","0","29","0","29","0","Compiling M_Blade_HeroSword22: Platform=PCD3D_SM5, Usage=LightingModel=MSM_DefaultLit, BlendMode=BLEND_Opaque, SpecialEngine=0, TwoSided=0, TSNormal=1, Masked=0, Distorted=0, WritesEveryPixel=1, ModifiesMeshPosition=0, Usage={bUsedWithSkeletalMesh}"
"/Game/InfinityBladeWeapons/Weapons/Blade/Swords/Blade_HeroSword17/M_Blade_HeroSword17.M_Blade_HeroSword17","0","29","0","29","0","Compiling M_Blade_HeroSword17: Platform=PCD3D_SM5, Usage=LightingModel=MSM_DefaultLit, BlendMode=BLEND_Opaque, SpecialEngine=0, TwoSided=0, TSNormal=1, Masked=0, Distorted=0, WritesEveryPixel=1, ModifiesMeshPosition=0, Usage={bUsedWithSkeletalMesh}"
"/Game/InfinityBladeWeapons/Weapons/Blade/Swords/Blade_HeroSword16/M_Blade_HeroSword16.M_Blade_HeroSword16","0","29","0","29","0","Compiling M_Blade_HeroSword16: Platform=PCD3D_SM5, Usage=LightingModel=MSM_DefaultLit, BlendMode=BLEND_Opaque, SpecialEngine=0, TwoSided=0, TSNormal=1, Masked=0, Distorted=0, WritesEveryPixel=1, ModifiesMeshPosition=0, Usage={bUsedWithSkeletalMesh}"
"/Game/InfinityBladeWeapons/Weapons/Blade/Swords/Blade_HeroSword11/M_Blade_HeroSword11.M_Blade_HeroSword11","0","29","0","29","0","Compiling M_Blade_HeroSword11: Platform=PCD3D_SM5, Usage=LightingModel=MSM_DefaultLit, BlendMode=BLEND_Opaque, SpecialEngine=0, TwoSided=0, TSNormal=1, Masked=0, Distorted=0, WritesEveryPixel=1, ModifiesMeshPosition=0, Usage={bUsedWithSkeletalMesh}"
"/Game/InfinityBladeWeapons/Weapons/Blade/Swords/Blade_HeroSword10/M_Blade_HeroSword.M_Blade_HeroSword","0","29","0","29","0","Compiling M_Blade_HeroSword: Platform=PCD3D_SM5, Usage=LightingModel=MSM_DefaultLit, BlendMode=BLEND_Opaque, SpecialEngine=0, TwoSided=0, TSNormal=1, Masked=0, Distorted=0, WritesEveryPixel=1, ModifiesMeshPosition=0, Usage={bUsedWithSkeletalMesh}"
"/Game/InfinityBladeWeapons/Weapons/Blade/Swords/Blade_Glimmer/M_Blade_Glimmer.M_Blade_Glimmer","0","29","0","29","0","Compiling M_Blade_Glimmer: Platform=PCD3D_SM5, Usage=LightingModel=MSM_DefaultLit, BlendMode=BLEND_Opaque, SpecialEngine=0, TwoSided=0, TSNormal=1, Masked=0, Distorted=0, WritesEveryPixel=1, ModifiesMeshPosition=0, Usage={bUsedWithSkeletalMesh}"
"/Game/InfinityBladeWeapons/Weapons/Blade/Swords/Blade_Fencer/M_Blade_Fencer.M_Blade_Fencer","0","29","0","29","0","Compiling M_Blade_Fencer: Platform=PCD3D_SM5, Usage=LightingModel=MSM_DefaultLit, BlendMode=BLEND_Opaque, SpecialEngine=0, TwoSided=0, TSNormal=1, Masked=0, Distorted=0, WritesEveryPixel=1, ModifiesMeshPosition=0, Usage={bUsedWithSkeletalMesh}"
"/Game/InfinityBladeWeapons/Weapons/Blade/Swords/Blade_DragonSword/M_Blade_DragonSword.M_Blade_DragonSword","0","29","0","29","0","Compiling M_Blade_DragonSword: Platform=PCD3D_SM5, Usage=LightingModel=MSM_DefaultLit, BlendMode=BLEND_Opaque, SpecialEngine=0, TwoSided=0, TSNormal=1, Masked=0, Distorted=0, WritesEveryPixel=1, ModifiesMeshPosition=0, Usage={bUsedWithSkeletalMesh}"
"/Game/InfinityBladeWeapons/Weapons/Blade/Swords/Blade_BlackWyrmBlade/M_Blade_BlackWyrmBlade.M_Blade_BlackWyrmBlade","0","29","0","29","0","Compiling M_Blade_BlackWyrmBlade: Platform=PCD3D_SM5, Usage=LightingModel=MSM_DefaultLit, BlendMode=BLEND_Opaque, SpecialEngine=0, TwoSided=0, TSNormal=1, Masked=0, Distorted=0, WritesEveryPixel=1, ModifiesMeshPosition=0, Usage={bUsedWithSkeletalMesh}"
"/Game/InfinityBladeWeapons/Weapons/Blade/Swords/Blade_BlackKnight/M_Blade_BlackKnight.M_Blade_BlackKnight","0","29","0","29","0","Compiling M_Blade_BlackKnight: Platform=PCD3D_SM5, Usage=LightingModel=MSM_DefaultLit, BlendMode=BLEND_Opaque, SpecialEngine=0, TwoSided=0, TSNormal=1, Masked=0, Distorted=0, WritesEveryPixel=1, ModifiesMeshPosition=0, Usage={bUsedWithSkeletalMesh}"
"/Game/InfinityBladeWeapons/Weapons/Blade/Silly_Weapons/Blade_Sucker/M_Blade_Sucker.M_Blade_Sucker","0","29","0","29","0","Compiling M_Blade_Sucker: Platform=PCD3D_SM5, Usage=LightingModel=MSM_DefaultLit, BlendMode=BLEND_Opaque, SpecialEngine=0, TwoSided=0, TSNormal=1, Masked=0, Distorted=0, WritesEveryPixel=1, ModifiesMeshPosition=0, Usage={bUsedWithSkeletalMesh}"
"/Game/InfinityBladeWeapons/Weapons/Blade/Silly_Weapons/Blade_Finger/M_Blade_Finger.M_Blade_Finger","0","29","0","29","0","Compiling M_Blade_Finger: Platform=PCD3D_SM5, Usage=LightingModel=MSM_DefaultLit, BlendMode=BLEND_Opaque, SpecialEngine=0, TwoSided=0, TSNormal=1, Masked=0, Distorted=0, WritesEveryPixel=1, ModifiesMeshPosition=0, Usage={bUsedWithSkeletalMesh}"
"/Game/InfinityBladeWeapons/Weapons/Blade/Silly_Weapons/Blade_Driver/M_Blade_Driver.M_Blade_Driver","0","29","0","29","0","Compiling M_Blade_Driver: Platform=PCD3D_SM5, Usage=LightingModel=MSM_DefaultLit, BlendMode=BLEND_Opaque, SpecialEngine=0, TwoSided=0, TSNormal=1, Masked=0, Distorted=0, WritesEveryPixel=1, ModifiesMeshPosition=0, Usage={bUsedWithSkeletalMesh}"
"/Game/InfinityBladeWeapons/Weapons/Blade/Silly_Weapons/Blade_ChickenBlade/M_Blade_ChickenBlade.M_Blade_ChickenBlade","0","29","0","29","0","Compiling M_Blade_ChickenBlade: Platform=PCD3D_SM5, Usage=LightingModel=MSM_DefaultLit, BlendMode=BLEND_Opaque, SpecialEngine=0, TwoSided=0, TSNormal=1, Masked=0, Distorted=0, WritesEveryPixel=1, ModifiesMeshPosition=0, Usage={bUsedWithSkeletalMesh}"
"/Game/InfinityBladeWeapons/Weapons/Blade/Silly_Weapons/Blade_Chainsaw/M_Blade_Chainsaw.M_Blade_Chainsaw","0","29","0","29","0","Compiling M_Blade_Chainsaw: Platform=PCD3D_SM5, Usage=LightingModel=MSM_DefaultLit, BlendMode=BLEND_Opaque, SpecialEngine=0, TwoSided=0, TSNormal=1, Masked=0, Distorted=0, WritesEveryPixel=1, ModifiesMeshPosition=0, Usage={bUsedWithSkeletalMesh}"
"/Game/InfinityBladeWeapons/Weapons/Blade/Silly_Weapons/Blade_Bubblewand/M_Blade_Bubblewand.M_Blade_Bubblewand","0","29","0","29","0","Compiling M_Blade_Bubblewand: Platform=PCD3D_SM5, Usage=LightingModel=MSM_DefaultLit, BlendMode=BLEND_Opaque, SpecialEngine=0, TwoSided=0, TSNormal=1, Masked=0, Distorted=0, WritesEveryPixel=1, ModifiesMeshPosition=0, Usage={bUsedWithSkeletalMesh}"
"/Game/InfinityBladeWeapons/Weapons/Blade/Silly_Weapons/Blade_Balloon/M_Blade_Balloon.M_Blade_Balloon","0","29","0","29","0","Compiling M_Blade_Balloon: Platform=PCD3D_SM5, Usage=LightingModel=MSM_DefaultLit, BlendMode=BLEND_Opaque, SpecialEngine=0, TwoSided=0, TSNormal=1, Masked=0, Distorted=0, WritesEveryPixel=1, ModifiesMeshPosition=0, Usage={bUsedWithSkeletalMesh}"
"/Game/InfinityBladeWeapons/Weapons/Blade/Axes/Blade_ThornAxe/M_Blade_ThornAxe.M_Blade_ThornAxe","0","29","0","29","0","Compiling M_Blade_ThornAxe: Platform=PCD3D_SM5, Usage=LightingModel=MSM_DefaultLit, BlendMode=BLEND_Opaque, SpecialEngine=0, TwoSided=0, TSNormal=1, Masked=0, Distorted=0, WritesEveryPixel=1, ModifiesMeshPosition=0, Usage={bUsedWithSkeletalMesh}"
"/Game/InfinityBladeWeapons/Weapons/Maps/LevelContent/Architecture/M_CycWall_01.M_CycWall_01","0","26","0","26","0","Compiling M_CycWall_01: Platform=PCD3D_SM5, Usage=LightingModel=MSM_DefaultLit, BlendMode=BLEND_Opaque, SpecialEngine=0, TwoSided=0, TSNormal=1, Masked=0, Distorted=0, WritesEveryPixel=1, ModifiesMeshPosition=0, Usage={bUsedWithStaticLighting}"
"/Game/InfinityBladeWeapons/Weapons/Blade/Axes/Blade_AnthraciteAxe/M_Blade_AnthraciteAxe.M_Blade_AnthraciteAxe","0","29","0","29","0","Compiling M_Blade_AnthraciteAxe: Platform=PCD3D_SM5, Usage=LightingModel=MSM_DefaultLit, BlendMode=BLEND_Opaque, SpecialEngine=0, TwoSided=0, TSNormal=1, Masked=0, Distorted=0, WritesEveryPixel=1, ModifiesMeshPosition=0, Usage={bUsedWithSkeletalMesh}"
"/Game/InfinityBladeWeapons/Weapons/Blade/Axes/Blade_GreatBlade/M_Blade_GreatBlade.M_Blade_GreatBlade","0","29","0","29","0","Compiling M_Blade_GreatBlade: Platform=PCD3D_SM5, Usage=LightingModel=MSM_DefaultLit, BlendMode=BLEND_Opaque, SpecialEngine=0, TwoSided=0, TSNormal=1, Masked=0, Distorted=0, WritesEveryPixel=1, ModifiesMeshPosition=0, Usage={bUsedWithSkeletalMesh}"
"/Game/InfinityBladeWeapons/Weapons/Blade/Axes/Blade_SpikeAxe/M_Blade_SpikeAxe.M_Blade_SpikeAxe","0","29","0","29","0","Compiling M_Blade_SpikeAxe: Platform=PCD3D_SM5, Usage=LightingModel=MSM_DefaultLit, BlendMode=BLEND_Opaque, SpecialEngine=0, TwoSided=0, TSNormal=1, Masked=0, Distorted=0, WritesEveryPixel=1, ModifiesMeshPosition=0, Usage={bUsedWithSkeletalMesh}"
"/Game/InfinityBladeWeapons/Weapons/Blade/Axes/Blade_Snarl/M_Blade_Snarl.M_Blade_Snarl","0","29","0","29","0","Compiling M_Blade_Snarl: Platform=PCD3D_SM5, Usage=LightingModel=MSM_DefaultLit, BlendMode=BLEND_Opaque, SpecialEngine=0, TwoSided=0, TSNormal=1, Masked=0, Distorted=0, WritesEveryPixel=1, ModifiesMeshPosition=0, Usage={bUsedWithSkeletalMesh}"
"/Game/InfinityBladeWeapons/Weapons/Blade/Axes/Blade_SmAxe/M_Blade_SmAxe.M_Blade_SmAxe","0","29","0","29","0","Compiling M_Blade_SmAxe: Platform=PCD3D_SM5, Usage=LightingModel=MSM_DefaultLit, BlendMode=BLEND_Opaque, SpecialEngine=0, TwoSided=0, TSNormal=1, Masked=0, Distorted=0, WritesEveryPixel=1, ModifiesMeshPosition=0, Usage={bUsedWithSkeletalMesh}"
"/Game/InfinityBladeWeapons/Weapons/Blade/Axes/Blade_SkexyAxe/M_Blade_SkexyAxe.M_Blade_SkexyAxe","0","29","0","29","0","Compiling M_Blade_SkexyAxe: Platform=PCD3D_SM5, Usage=LightingModel=MSM_DefaultLit, BlendMode=BLEND_Opaque, SpecialEngine=0, TwoSided=0, TSNormal=1, Masked=0, Distorted=0, WritesEveryPixel=1, ModifiesMeshPosition=0, Usage={bUsedWithSkeletalMesh}"
"/Game/InfinityBladeWeapons/Weapons/Blade/Axes/Blade_Hatchet02/M_Blade_Hatchet02.M_Blade_Hatchet02","0","29","0","29","0","Compiling M_Blade_Hatchet02: Platform=PCD3D_SM5, Usage=LightingModel=MSM_DefaultLit, BlendMode=BLEND_Opaque, SpecialEngine=0, TwoSided=0, TSNormal=1, Masked=0, Distorted=0, WritesEveryPixel=1, ModifiesMeshPosition=0, Usage={bUsedWithSkeletalMesh}"
"/Game/InfinityBladeWarriors/Character/CompleteCharacters/Textures_Materials/CharM_solid/M_CharM_Solid_Alternate.M_CharM_Solid_Alternate","0","29","0","29","0","Compiling M_CharM_Solid_Alternate: Platform=PCD3D_SM5, Usage=LightingModel=MSM_DefaultLit, BlendMode=BLEND_Opaque, SpecialEngine=0, TwoSided=0, TSNormal=1, Masked=0, Distorted=0, WritesEveryPixel=1, ModifiesMeshPosition=0, Usage={bUsedWithSkeletalMesh}"
"/Game/InfinityBladeWeapons/Weapons/Blade/Axes/Blade_SegmentedB/M_Blade_SegmentedB.M_Blade_SegmentedB","0","29","0","29","0","Compiling M_Blade_SegmentedB: Platform=PCD3D_SM5, Usage=LightingModel=MSM_DefaultLit, BlendMode=BLEND_Opaque, SpecialEngine=0, TwoSided=0, TSNormal=1, Masked=0, Distorted=0, WritesEveryPixel=1, ModifiesMeshPosition=0, Usage={bUsedWithSkeletalMesh}"
"/Game/InfinityBladeWeapons/Weapons/Blade/Axes/Blade_Segmented/M_Blade_Segmented.M_Blade_Segmented","0","29","0","29","0","Compiling M_Blade_Segmented: Platform=PCD3D_SM5, Usage=LightingModel=MSM_DefaultLit, BlendMode=BLEND_Opaque, SpecialEngine=0, TwoSided=0, TSNormal=1, Masked=0, Distorted=0, WritesEveryPixel=1, ModifiesMeshPosition=0, Usage={bUsedWithSkeletalMesh}"
"/Game/InfinityBladeWeapons/Weapons/Blade/Axes/Blade_TAxe/M_Blade_TAxe.M_Blade_TAxe","0","29","0","29","0","Compiling M_Blade_TAxe: Platform=PCD3D_SM5, Usage=LightingModel=MSM_DefaultLit, BlendMode=BLEND_Opaque, SpecialEngine=0, TwoSided=0, TSNormal=1, Masked=0, Distorted=0, WritesEveryPixel=1, ModifiesMeshPosition=0, Usage={bUsedWithSkeletalMesh}"
"/Game/InfinityBladeWeapons/Weapons/Blade/Axes/Blade_IceElemental/M_Blade_IceElemental.M_Blade_IceElemental","0","29","0","29","0","Compiling M_Blade_IceElemental: Platform=PCD3D_SM5, Usage=LightingModel=MSM_DefaultLit, BlendMode=BLEND_Opaque, SpecialEngine=0, TwoSided=0, TSNormal=1, Masked=0, Distorted=0, WritesEveryPixel=1, ModifiesMeshPosition=0, Usage={bUsedWithSkeletalMesh}"
"/Game/InfinityBladeWeapons/Weapons/Blade/Axes/Blade_HeavyAxe/M_Blade_HeavyAxe.M_Blade_HeavyAxe","0","29","0","29","0","Compiling M_Blade_HeavyAxe: Platform=PCD3D_SM5, Usage=LightingModel=MSM_DefaultLit, BlendMode=BLEND_Opaque, SpecialEngine=0, TwoSided=0, TSNormal=1, Masked=0, Distorted=0, WritesEveryPixel=1, ModifiesMeshPosition=0, Usage={bUsedWithSkeletalMesh}"
"/Game/InfinityBladeWeapons/Weapons/Blade/Axes/Blade_Hatchet/M_Blade_Hatchet.M_Blade_Hatchet","0","29","0","29","0","Compiling M_Blade_Hatchet: Platform=PCD3D_SM5, Usage=LightingModel=MSM_DefaultLit, BlendMode=BLEND_Opaque, SpecialEngine=0, TwoSided=0, TSNormal=1, Masked=0, Distorted=0, WritesEveryPixel=1, ModifiesMeshPosition=0, Usage={bUsedWithSkeletalMesh}"
"/Game/InfinityBladeWeapons/Weapons/Blade/Axes/Blade_FrostGiant/M_Blade_FrostGiant.M_Blade_FrostGiant","0","29","0","29","0","Compiling M_Blade_FrostGiant: Platform=PCD3D_SM5, Usage=LightingModel=MSM_DefaultLit, BlendMode=BLEND_Opaque, SpecialEngine=0, TwoSided=0, TSNormal=1, Masked=0, Distorted=0, WritesEveryPixel=1, ModifiesMeshPosition=0, Usage={bUsedWithSkeletalMesh}"
"/Game/InfinityBladeWeapons/Weapons/Blade/Silly_Weapons/Blade_BatAxe/M_Blade_BatAxe.M_Blade_BatAxe","0","29","0","29","0","Compiling M_Blade_BatAxe: Platform=PCD3D_SM5, Usage=LightingModel=MSM_DefaultLit, BlendMode=BLEND_Opaque, SpecialEngine=0, TwoSided=0, TSNormal=1, Masked=0, Distorted=0, WritesEveryPixel=1, ModifiesMeshPosition=0, Usage={bUsedWithSkeletalMesh}"
"/Game/InfinityBladeWarriors/Character/CompleteCharacters/Textures_Materials/CharM_Warrior/M_Char_Warrior.M_Char_Warrior","0","29","0","29","0","Compiling M_Char_Warrior: Platform=PCD3D_SM5, Usage=LightingModel=MSM_DefaultLit, BlendMode=BLEND_Opaque, SpecialEngine=0, TwoSided=0, TSNormal=1, Masked=0, Distorted=0, WritesEveryPixel=1, ModifiesMeshPosition=0, Usage={bUsedWithSkeletalMesh}"
"/Game/InfinityBladeWeapons/Weapons/Blade/Axes/Blade_TechAxe/M_Blade_TechAxe.M_Blade_TechAxe","0","29","0","29","0","Compiling M_Blade_TechAxe: Platform=PCD3D_SM5, Usage=LightingModel=MSM_DefaultLit, BlendMode=BLEND_Opaque, SpecialEngine=0, TwoSided=0, TSNormal=1, Masked=0, Distorted=0, WritesEveryPixel=1, ModifiesMeshPosition=0, Usage={bUsedWithSkeletalMesh}"
"/Game/InfinityBladeWarriors/Character/CompleteCharacters/Textures_Materials/CharM_Pit/M_Char_Pit3.M_Char_Pit3","0","29","0","29","0","Compiling M_Char_Pit3: Platform=PCD3D_SM5, Usage=LightingModel=MSM_DefaultLit, BlendMode=BLEND_Opaque, SpecialEngine=0, TwoSided=0, TSNormal=1, Masked=0, Distorted=0, WritesEveryPixel=1, ModifiesMeshPosition=0, Usage={bUsedWithSkeletalMesh}"
"/Game/InfinityBladeWarriors/Character/CompleteCharacters/Textures_Materials/CharM_Pit/M_Char_Pit2.M_Char_Pit2","0","29","0","29","0","Compiling M_Char_Pit2: Platform=PCD3D_SM5, Usage=LightingModel=MSM_DefaultLit, BlendMode=BLEND_Opaque, SpecialEngine=0, TwoSided=0, TSNormal=1, Masked=0, Distorted=0, WritesEveryPixel=1, ModifiesMeshPosition=0, Usage={bUsedWithSkeletalMesh}"
"/Game/InfinityBladeWarriors/Character/CompleteCharacters/Textures_Materials/CharM_Natural/M_Char_Natural.M_Char_Natural","0","29","0","29","0","Compiling M_Char_Natural: Platform=PCD3D_SM5, Usage=LightingModel=MSM_DefaultLit, BlendMode=BLEND_Opaque, SpecialEngine=0, TwoSided=0, TSNormal=1, Masked=0, Distorted=0, WritesEveryPixel=1, ModifiesMeshPosition=0, Usage={bUsedWithSkeletalMesh}"
"/Game/InfinityBladeWarriors/Character/CompleteCharacters/Textures_Materials/CharM_Ram/M_Char_Ram.M_Char_Ram","0","29","0","29","0","Compiling M_Char_Ram: Platform=PCD3D_SM5, Usage=LightingModel=MSM_DefaultLit, BlendMode=BLEND_Opaque, SpecialEngine=0, TwoSided=0, TSNormal=1, Masked=0, Distorted=0, WritesEveryPixel=1, ModifiesMeshPosition=0, Usage={bUsedWithSkeletalMesh}"
"/Game/InfinityBladeWarriors/Character/CompleteCharacters/Textures_Materials/CharM_Pit/M_Char_Pit.M_Char_Pit","0","29","0","29","0","Compiling M_Char_Pit: Platform=PCD3D_SM5, Usage=LightingModel=MSM_DefaultLit, BlendMode=BLEND_Opaque, SpecialEngine=0, TwoSided=0, TSNormal=1, Masked=0, Distorted=0, WritesEveryPixel=1, ModifiesMeshPosition=0, Usage={bUsedWithSkeletalMesh}"
"/Game/InfinityBladeWarriors/Character/CompleteCharacters/Textures_Materials/CharM_Barbarous/M_Char_Barbarous_Elite.M_Char_Barbarous_Elite","0","29","0","29","0","Compiling M_Char_Barbarous_Elite: Platform=PCD3D_SM5, Usage=LightingModel=MSM_DefaultLit, BlendMode=BLEND_Opaque, SpecialEngine=0, TwoSided=0, TSNormal=1, Masked=0, Distorted=0, WritesEveryPixel=1, ModifiesMeshPosition=0, Usage={bUsedWithSkeletalMesh}"
"/Game/InfinityBladeWarriors/Character/CompleteCharacters/Textures_Materials/CharM_Golden/M_Char_Golden.M_Char_Golden","0","29","0","29","0","Compiling M_Char_Golden: Platform=PCD3D_SM5, Usage=LightingModel=MSM_DefaultLit, BlendMode=BLEND_Opaque, SpecialEngine=0, TwoSided=0, TSNormal=1, Masked=0, Distorted=0, WritesEveryPixel=1, ModifiesMeshPosition=0, Usage={bUsedWithSkeletalMesh}"
"/Game/InfinityBladeWeapons/Weapons/Blade/Axes/Blade_DeadlyAxe/M_Blade_DeadlyAxe.M_Blade_DeadlyAxe","0","29","0","29","0","Compiling M_Blade_DeadlyAxe: Platform=PCD3D_SM5, Usage=LightingModel=MSM_DefaultLit, BlendMode=BLEND_Opaque, SpecialEngine=0, TwoSided=0, TSNormal=1, Masked=0, Distorted=0, WritesEveryPixel=1, ModifiesMeshPosition=0, Usage={bUsedWithSkeletalMesh}"
"/Game/InfinityBladeWeapons/Weapons/Blade/Silly_Weapons/Blade_Baguette/M_Blade_Baguette.M_Blade_Baguette","0","29","0","29","0","Compiling M_Blade_Baguette: Platform=PCD3D_SM5, Usage=LightingModel=MSM_DefaultLit, BlendMode=BLEND_Opaque, SpecialEngine=0, TwoSided=0, TSNormal=1, Masked=0, Distorted=0, WritesEveryPixel=1, ModifiesMeshPosition=0, Usage={bUsedWithSkeletalMesh}"
"/Engine/BasicShapes/BasicShapeMaterial.BasicShapeMaterial","0","75","0","75","0","Compiling BasicShapeMaterial: Platform=PCD3D_SM5, Usage=LightingModel=MSM_DefaultLit, BlendMode=BLEND_Opaque, SpecialEngine=0, TwoSided=0, TSNormal=1, Masked=0, Distorted=0, WritesEveryPixel=1, ModifiesMeshPosition=0, Usage={bUsedWithStaticLighting,bUsedWithInstancedStaticMeshes,bUsedWithGeometryCollections}"
"/Game/InfinityBladeWarriors/Character/CompleteCharacters/Textures_Materials/CharM_FrostGiant/M_Char_FrostGiant.M_Char_FrostGiant","0","29","0","29","0","Compiling M_Char_FrostGiant: Platform=PCD3D_SM5, Usage=LightingModel=MSM_DefaultLit, BlendMode=BLEND_Opaque, SpecialEngine=0, TwoSided=0, TSNormal=1, Masked=0, Distorted=0, WritesEveryPixel=1, ModifiesMeshPosition=0, Usage={bUsedWithSkeletalMesh}"
"/Game/InfinityBladeWarriors/Character/CompleteCharacters/Textures_Materials/CharM_Forge/M_Char_Forge.M_Char_Forge","0","29","0","29","0","Compiling M_Char_Forge: Platform=PCD3D_SM5, Usage=LightingModel=MSM_DefaultLit, BlendMode=BLEND_Opaque, SpecialEngine=0, TwoSided=0, TSNormal=1, Masked=0, Distorted=0, WritesEveryPixel=1, ModifiesMeshPosition=0, Usage={bUsedWithSkeletalMesh}"
"/Game/InfinityBladeWarriors/Character/CompleteCharacters/Textures_Materials/CharM_Bladed/M_CharM_Bladed.M_CharM_Bladed","0","29","0","29","0","Compiling M_CharM_Bladed: Platform=PCD3D_SM5, Usage=LightingModel=MSM_DefaultLit, BlendMode=BLEND_Opaque, SpecialEngine=0, TwoSided=0, TSNormal=1, Masked=0, Distorted=0, WritesEveryPixel=1, ModifiesMeshPosition=0, Usage={bUsedWithSkeletalMesh}"
"/Game/InfinityBladeWarriors/Character/CompleteCharacters/Textures_Materials/CharM_solid/M_Char_Solid.M_Char_Solid","0","29","0","29","0","Compiling M_Char_Solid: Platform=PCD3D_SM5, Usage=LightingModel=MSM_DefaultLit, BlendMode=BLEND_Opaque, SpecialEngine=0, TwoSided=0, TSNormal=1, Masked=0, Distorted=0, WritesEveryPixel=1, ModifiesMeshPosition=0, Usage={bUsedWithSkeletalMesh}"
"/Game/InfinityBladeWarriors/Character/CompleteCharacters/Textures_Materials/CharM_Base/M_CharM_Base.M_CharM_Base","0","29","0","29","0","Compiling M_CharM_Base: Platform=PCD3D_SM5, Usage=LightingModel=MSM_DefaultLit, BlendMode=BLEND_Opaque, SpecialEngine=0, TwoSided=0, TSNormal=1, Masked=0, Distorted=0, WritesEveryPixel=1, ModifiesMeshPosition=0, Usage={bUsedWithSkeletalMesh}"
"/Game/InfinityBladeWarriors/Character/CompleteCharacters/Textures_Materials/CharM_Barbarous/M_Char_Barbrous.M_Char_Barbrous","0","29","0","29","0","Compiling M_Char_Barbrous: Platform=PCD3D_SM5, Usage=LightingModel=MSM_DefaultLit, BlendMode=BLEND_Opaque, SpecialEngine=0, TwoSided=0, TSNormal=1, Masked=0, Distorted=0, WritesEveryPixel=1, ModifiesMeshPosition=0, Usage={bUsedWithSkeletalMesh}"
"/Game/InfinityBladeWeapons/Weapons/Blade/Axes/Blade_SmAxe/T_Blade_SmAxe1_Mat.T_Blade_SmAxe1_Mat","0","26","0","26","0","Compiling T_Blade_SmAxe1_Mat: Platform=PCD3D_SM5, Usage=LightingModel=MSM_DefaultLit, BlendMode=BLEND_Opaque, SpecialEngine=0, TwoSided=0, TSNormal=1, Masked=0, Distorted=0, WritesEveryPixel=1, ModifiesMeshPosition=0, Usage={bUsedWithStaticLighting}"
"/Game/InfinityBladeWeapons/Weapons/Blade/Axes/Blade_RandorAxe/M_Blade_RandorAxe.M_Blade_RandorAxe","0","29","0","29","0","Compiling M_Blade_RandorAxe: Platform=PCD3D_SM5, Usage=LightingModel=MSM_DefaultLit, BlendMode=BLEND_Opaque, SpecialEngine=0, TwoSided=0, TSNormal=1, Masked=0, Distorted=0, WritesEveryPixel=1, ModifiesMeshPosition=0, Usage={bUsedWithSkeletalMesh}"
"/Game/InfinityBladeWeapons/Weapons/Staff/Materials/T_Stf_StaffofAncients_D_Mat.T_Stf_StaffofAncients_D_Mat","0","26","0","26","0","Compiling T_Stf_StaffofAncients_D_Mat: Platform=PCD3D_SM5, Usage=LightingModel=MSM_DefaultLit, BlendMode=BLEND_Opaque, SpecialEngine=0, TwoSided=0, TSNormal=1, Masked=0, Distorted=0, WritesEveryPixel=1, ModifiesMeshPosition=0, Usage={bUsedWithStaticLighting}"
"/Game/InfinityBladeWeapons/Weapons/Blunt/Blunt_BoneShard/Materials/T_Blunt_BoneShardMace_D_Mat.T_Blunt_BoneShardMace_D_Mat","0","17","0","17","0","Compiling T_Blunt_BoneShardMace_D_Mat: Platform=PCD3D_SM5, Usage=LightingModel=MSM_DefaultLit, BlendMode=BLEND_Opaque, SpecialEngine=0, TwoSided=0, TSNormal=1, Masked=0, Distorted=0, WritesEveryPixel=1, ModifiesMeshPosition=0, Usage={}"
"/Game/InfinityBladeWarriors/Character/CompleteCharacters/Textures_Materials/CharM_Cardboard/M_Char_Cardboard.M_Char_Cardboard","0","29","0","29","0","Compiling M_Char_Cardboard: Platform=PCD3D_SM5, Usage=LightingModel=MSM_DefaultLit, BlendMode=BLEND_Opaque, SpecialEngine=0, TwoSided=0, TSNormal=1, Masked=0, Distorted=0, WritesEveryPixel=1, ModifiesMeshPosition=0, Usage={bUsedWithSkeletalMesh}"
"/Game/InfinityBladeWarriors/Character/CompleteCharacters/Textures_Materials/CharM_Tusk/M_Char_Talon.M_Char_Talon","0","29","0","29","0","Compiling M_Char_Talon: Platform=PCD3D_SM5, Usage=LightingModel=MSM_DefaultLit, BlendMode=BLEND_Opaque, SpecialEngine=0, TwoSided=0, TSNormal=1, Masked=0, Distorted=0, WritesEveryPixel=1, ModifiesMeshPosition=0, Usage={bUsedWithSkeletalMesh}"
"/Game/InfinityBladeWarriors/Character/CompleteCharacters/Textures_Materials/CharM_Tusk/M_Char_Horn.M_Char_Horn","0","29","0","29","0","Compiling M_Char_Horn: Platform=PCD3D_SM5, Usage=LightingModel=MSM_DefaultLit, BlendMode=BLEND_Opaque, SpecialEngine=0, TwoSided=0, TSNormal=1, Masked=0, Distorted=0, WritesEveryPixel=1, ModifiesMeshPosition=0, Usage={bUsedWithSkeletalMesh}"
"/Game/InfinityBladeWarriors/Character/CompleteCharacters/Textures_Materials/CharM_Standard/M_Char_Standard_Elite.M_Char_Standard_Elite","0","29","0","29","0","Compiling M_Char_Standard_Elite: Platform=PCD3D_SM5, Usage=LightingModel=MSM_DefaultLit, BlendMode=BLEND_Opaque, SpecialEngine=0, TwoSided=0, TSNormal=1, Masked=0, Distorted=0, WritesEveryPixel=1, ModifiesMeshPosition=0, Usage={bUsedWithSkeletalMesh}"
"/Game/InfinityBladeWarriors/Character/CompleteCharacters/Textures_Materials/CharM_Warrior/M_Char_Warrior_B.M_Char_Warrior_B","0","29","0","29","0","Compiling M_Char_Warrior_B: Platform=PCD3D_SM5, Usage=LightingModel=MSM_DefaultLit, BlendMode=BLEND_Opaque, SpecialEngine=0, TwoSided=0, TSNormal=1, Masked=0, Distorted=0, WritesEveryPixel=1, ModifiesMeshPosition=0, Usage={bUsedWithSkeletalMesh}"
"/Game/InfinityBladeWarriors/Character/CompleteCharacters/Textures_Materials/CharM_Tusk/M_Char_Tusk.M_Char_Tusk","0","29","0","29","0","Compiling M_Char_Tusk: Platform=PCD3D_SM5, Usage=LightingModel=MSM_DefaultLit, BlendMode=BLEND_Opaque, SpecialEngine=0, TwoSided=0, TSNormal=1, Masked=0, Distorted=0, WritesEveryPixel=1, ModifiesMeshPosition=0, Usage={bUsedWithSkeletalMesh}"
"/Game/InfinityBladeWeapons/Weapons/Blade/Axes/Blade_BohntaPick/M_Blade_BohntaPick.M_Blade_BohntaPick","0","29","0","29","0","Compiling M_Blade_BohntaPick: Platform=PCD3D_SM5, Usage=LightingModel=MSM_DefaultLit, BlendMode=BLEND_Opaque, SpecialEngine=0, TwoSided=0, TSNormal=1, Masked=0, Distorted=0, WritesEveryPixel=1, ModifiesMeshPosition=0, Usage={bUsedWithSkeletalMesh}"
"/Game/InfinityBladeWarriors/Character/CompleteCharacters/Textures_Materials/CharM_Standard/M_Char_Standard.M_Char_Standard","0","29","0","29","0","Compiling M_Char_Standard: Platform=PCD3D_SM5, Usage=LightingModel=MSM_DefaultLit, BlendMode=BLEND_Opaque, SpecialEngine=0, TwoSided=0, TSNormal=1, Masked=0, Distorted=0, WritesEveryPixel=1, ModifiesMeshPosition=0, Usage={bUsedWithSkeletalMesh}"
"/Game/InfinityBladeWarriors/Character/CompleteCharacters/Textures_Materials/CharM_Shell/M_Char_Shell.M_Char_Shell","0","29","0","29","0","Compiling M_Char_Shell: Platform=PCD3D_SM5, Usage=LightingModel=MSM_DefaultLit, BlendMode=BLEND_Opaque, SpecialEngine=0, TwoSided=0, TSNormal=1, Masked=0, Distorted=0, WritesEveryPixel=1, ModifiesMeshPosition=0, Usage={bUsedWithSkeletalMesh}"
"/Game/InfinityBladeWarriors/Character/CompleteCharacters/Textures_Materials/CharM_Robo/M_Char_Robo.M_Char_Robo","0","29","0","29","0","Compiling M_Char_Robo: Platform=PCD3D_SM5, Usage=LightingModel=MSM_DefaultLit, BlendMode=BLEND_Opaque, SpecialEngine=0, TwoSided=0, TSNormal=1, Masked=0, Distorted=0, WritesEveryPixel=1, ModifiesMeshPosition=0, Usage={bUsedWithSkeletalMesh}"
"/Game/InfinityBladeWarriors/Character/CompleteCharacters/Textures_Materials/CharM_Ragged/M_Char_Ragged.M_Char_Ragged","0","29","0","29","0","Compiling M_Char_Ragged: Platform=PCD3D_SM5, Usage=LightingModel=MSM_DefaultLit, BlendMode=BLEND_Opaque, SpecialEngine=0, TwoSided=0, TSNormal=1, Masked=0, Distorted=0, WritesEveryPixel=1, ModifiesMeshPosition=0, Usage={bUsedWithSkeletalMesh}"
"/Game/InfinityBladeWarriors/Character/CompleteCharacters/Textures_Materials/CharM_Ragged/M_Char_RaggedElite.M_Char_RaggedElite","0","39","0","41","0","Compiling M_Char_RaggedElite: Platform=PCD3D_SM5, Usage=LightingModel=MSM_DefaultLit, BlendMode=BLEND_Opaque, SpecialEngine=0, TwoSided=1, TSNormal=1, Masked=0, Distorted=0, WritesEveryPixel=1, ModifiesMeshPosition=0, Usage={bUsedWithSkeletalMesh}"
"/Game/InfinityBladeWeapons/Weapons/Blade/Axes/Blade_FissureBlade/M_Blade_FissureBlade.M_Blade_FissureBlade","0","29","0","29","0","Compiling M_Blade_FissureBlade: Platform=PCD3D_SM5, Usage=LightingModel=MSM_DefaultLit, BlendMode=BLEND_Opaque, SpecialEngine=0, TwoSided=0, TSNormal=1, Masked=0, Distorted=0, WritesEveryPixel=1, ModifiesMeshPosition=0, Usage={bUsedWithSkeletalMesh}"
"/Game/InfinityBladeWeapons/Weapons/Blade/Axes/Blade_ExecutionerAxe/M_Blade_Execution.M_Blade_Execution","0","29","0","29","0","Compiling M_Blade_Execution: Platform=PCD3D_SM5, Usage=LightingModel=MSM_DefaultLit, BlendMode=BLEND_Opaque, SpecialEngine=0, TwoSided=0, TSNormal=1, Masked=0, Distorted=0, WritesEveryPixel=1, ModifiesMeshPosition=0, Usage={bUsedWithSkeletalMesh}"
"/Game/InfinityBladeWeapons/Weapons/Blade/Axes/Blade_CrudeAxe/M_Blade_CrudeAxe.M_Blade_CrudeAxe","0","29","0","29","0","Compiling M_Blade_CrudeAxe: Platform=PCD3D_SM5, Usage=LightingModel=MSM_DefaultLit, BlendMode=BLEND_Opaque, SpecialEngine=0, TwoSided=0, TSNormal=1, Masked=0, Distorted=0, WritesEveryPixel=1, ModifiesMeshPosition=0, Usage={bUsedWithSkeletalMesh}"
